queries,number of nodes
com,2343474
en.wikipedia.org,165852
20000-names.com,118
answers.com,104770
bankrate.com,1682
onlineslangdictionary.com,1234
quizlet.com,22657
healthtap.com,7485
org,428972
en.wikibooks.org,1448
msdn.microsoft.com,4361
realcartips.com,52
wikipedia.org,168878
symptomchecker.webmd.com,1894
gov,82296
retirement.federaltimes.com,40
cisco.com,1382
landwatch.com,1498
emedicinehealth.com,3010
rightdiagnosis.com,6922
pdr.net,126
symptoms.rightdiagnosis.com,1022
car-buying-strategies.com,51
en.wiktionary.org,4481
city-data.com,10642
currentresults.com,1752
medical-dictionary.thefreedictionary.com,14880
emedtv.com,3057
emedicine.medscape.com,3840
withdrawal.net,38
turmericforhealth.com,32
cliffsnotes.com,566
babynamewizard.com,1791
goftp.com,373
ablebits.com,177
medicalhealthtests.com,205
net,77462
webmd.com,21480
prescription-drug.addictionblog.org,149
surnames.behindthename.com,108
tripadvisor.com,9867
work.chron.com,3938
merriam-webster.com,15295
livestrong.com,13261
drugs.com,7676
storelocations411.com,36
prokerala.com,495
medicinenet.com,3537
investopedia.com,8126
askmefast.com,856
study.com,10153
pbs.org,2132
allcustomercarenumbers.net,299
wordhippo.com,441
repairpal.com,603
info.legalzoom.com,1007
sparkpeople.com,4034
meanings.crystalsandjewelry.com,89
stylecraze.com,489
ellcmedia.army.mil,23
countyoffice.org,4625
yahoo.com,82869
ca.gov,4127
drugs.emedtv.com,123
myperfectresume.com,43
dmv.com,387
ebay.com,5387
kamayojewelry.com,30
ballotpedia.org,513
enchantedlearning.com,129
edu,75430
salarylist.com,1950
definitions.net,12440
excite.com,305
virtualpediatrichospital.org,32
inspectapedia.com,280
improvenet.com,686
flashcardmachine.com,719
smallbusiness.chron.com,6667
timebie.com,173
theunitconverter.com,145
harrypotter.wikia.com,252
pinterest.com,2467
audioenglish.org,6106
behindthename.com,1431
technet.microsoft.com,3368
mentalhealthdaily.com,182
yellowpages.com,3115
tires.tirerack.com,153
hepatitis.emedtv.com,20
synonyms.net,639
osha.gov,711
cafeastrology.com,74
depression.emedtv.com,126
microsoft.com,14140
centurylink.com,57
contractortalk.com,366
superuser.com,1625
learn.org,1569
auntyflo.com,145
smoking-meat.com,54
uk,62670
celebheights.com,213
gethuman.com,1279
teach.com,91
earnthenecklace.com,198
thinkbabynames.com,3760
charbroil.com,27
starwars.wikia.com,319
pain.emedtv.com,123
careerbliss.com,856
tomatodirt.com,49
dogbreedinfo.com,318
answers.yahoo.com,79796
babycenter.com,1981
wordreference.com,1583
priuschat.com,64
gaspricewatch.com,239
calmclinic.com,380
healthprovidersdata.com,104
indeed.com,2770
weather2travel.com,1363
bedbathandbeyond.com,399
quora.com,28152
medhelp.org,4003
kansas.hometownlocator.com,30
rxlist.com,3361
davita.com,220
bank-map.com,101
legal-dictionary.thefreedictionary.com,4759
fha.com,115
getnetworth.com,1392
averagesalarysurvey.com,91
fatsecret.com,2952
dictionary.hantrainerpro.com,24
support.apple.com,917
pubs.rsna.org,237
businessnameusa.com,141
experience-essential-oils.com,73
gaiam.com,18
schizophrenia.emedtv.com,51
plague.emedtv.com,22
patientslikeme.com,300
babynames.allparenting.com,313
realself.com,1163
booking.com,628
trulia.com,860
braenstone.com,29
homeguides.sfgate.com,7429
healingwell.com,594
dogcare.dailypuppy.com,408
universeofsymbolism.com,82
usga.org,37
healthgrades.com,355
thisismoney.co.uk,345
gta.wikia.com,131
crn.com,43
dmv.org,1130
caring.com,603
travelmath.com,4000
nlm.nih.gov,5581
babynology.com,817
moneycontrol.com,198
thefreedictionary.com,55405
banks-america.com,864
en.mimi.hu,370
edmunds.com,944
support.office.com,2609
locations.greyhound.com,55
docs.oracle.com,1108
zip-codes.com,1253
areacode.org,166
baseball-reference.com,197
ssdrc.com,133
homedepot.com,2315
onlinesearches.com,364
college-tuition.startclass.com,255
vetinfo.com,916
expedia.com,2013
prometric.com,37
medindia.net,386
cornell.edu,2048
foodbabe.com,38
co,1944
ascd.org,128
pets.thenest.com,975
webopedia.com,1563
imdb.com,15240
goodreads.com,1833
crusherasia.com,37
gc.ca,1682
hhs.gov,417
xbox.com,395
celebritynetworth.com,1259
drug.addictionblog.org,68
wiki,129
antibiotics.emedtv.com,134
spywareremove.com,17
library.ahima.org,161
prepscholar.com,549
imore.com,360
tigerdroppings.com,57
taxjar.com,57
wikia.com,24698
nytimes.com,9116
wikihow.com,18401
payingforseniorcare.com,72
cnbc.com,836
reddit.com,5880
acceptancerate.com,140
allnurses.com,1553
running.competitor.com,149
tomshardware.com,1823
extendoffice.com,241
stjude.org,47
thepointsguy.com,229
gardenguides.com,2657
finance.zacks.com,1395
drscabies.com,18
statisticalatlas.com,132
sokanu.com,646
bank-code.net,334
ups.com,218
nasdaq.com,1804
healing-crystals-for-you.com,79
au,19522
backyardchickens.com,375
healthquestions.medhelp.org,1914
notarypublicstamps.com,34
spongebob.wikia.com,70
coldwellbankerhomes.com,714
pregnancy-baby-care.com,84
sfgate.com,10715
directv.com,124
solidworks.com,113
allears.net,113
weatherspark.com,1854
mapquest.com,6692
dailymail.co.uk,9260
office.com,2824
leagueoflegends.wikia.com,115
songmeanings.com,659
yale.edu,457
consumerhealthdigest.com,487
hipaaspace.com,424
growingfamilybenefits.com,47
engadget.com,446
allacronyms.com,1341
thermofisher.com,146
verywell.com,6882
glassdoor.com,3797
realtor.com,1410
mental-health.emedtv.com,51
joslin.org,76
whereandwhen.net,270
laserspineinstitute.com,426
bourncreative.com,23
cdc.gov,2397
zip-codes.me,118
amazon.com,8322
lottostrategies.com,60
slimkicker.com,315
golf-carts-etc.com,14
slimerancher.wikia.com,20
etsy.com,893
bipolar-disorder.emedtv.com,46
intel.com,192
crystalvaults.com,105
about.com,15094
studymode.com,1894
apple.com,4180
wikidoc.org,39
snhu.edu,27
babyhopes.com,106
dell.com,604
definitions.uslegal.com,1435
google.com,5625
forsalebyowner.com,94
pressurewashersdirect.com,15
medicalnewstoday.com,1496
salary.com,3700
worldatlas.com,2029
farmdocdaily.illinois.edu,53
gymmembershipfees.com,36
bankroutinginfo.com,235
eeoc.gov,275
collegecalc.org,640
legalzoom.com,1315
reference.com,17926
newbornlittleladies.com,30
tax-rates.org,611
vetstreet.com,458
uslegal.com,1660
dividend.com,141
scholastic.com,569
co.uk,47619
day-finder.com,55
verizon.com,376
usps.com,509
names.mooseroots.com,104
wiki.en.it-processmaps.com,26
advancedfertility.com,66
minimum-wage.org,54
community.cartalk.com,250
us,14477
csn.cancer.org,256
amof.info,19
deathpenaltyinfo.org,60
coupons.com,167
buzzfeed.com,562
icd9data.com,481
ssa.gov,796
phineasandferb.wikia.com,19
developers.google.com,127
dietandfitnesstoday.com,203
heart-disease.emedtv.com,84
tv.com,872
apsnet.org,74
timetemperature.com,773
azure.microsoft.com,174
bank-routing.org,155
magoosh.com,116
healthline.com,5617
mathandreadinghelp.org,39
iboats.com,194
ed.gov,751
allergies.emedtv.com,77
godlikeproductions.com,49
serc.carleton.edu,181
chron.com,11742
steampowered.com,207
batteryuniversity.com,67
criticalthinking.org,35
netdoctor.co.uk,295
landsoftexas.com,107
alltrails.com,138
ca,16818
weatherman.com,978
cardpaymentoptions.com,38
timeanddate.com,2922
mapsofworld.com,1186
powerthesaurus.org,457
autotrader.com,321
dovemed.com,52
blood-pressure.emedtv.com,120
dui.drivinglaws.org,76
moveforwardpt.com,56
disney.wikia.com,718
productforums.google.com,343
accuweather.com,3552
menopause.emedtv.com,24
chemocare.com,231
momjunction.com,268
payscale.com,1557
sciencebuddies.org,287
thoughtco.com,6585
bodybuilding.com,728
powershow.com,182
answermetrue.com,91
gamepedia.com,638
gsa.gov,156
cars.usnews.com,336
keyword-suggest-tool.com,71
space.com,705
stackexchange.com,6705
adhd.emedtv.com,51
mortalkombat.wikia.com,40
sharepoint.stackexchange.com,67
geteasysolution.com,23
updatestar.com,65
fgcu.edu,31
ngccoin.com,22
dba-oracle.com,124
colitis.emedtv.com,22
healthyeating.sfgate.com,2527
essentialoils.co.za,72
moga.mo.gov,40
theodora.com,117
hpv.emedtv.com,18
distance-calculator.co.uk,467
autodesk.com,259
jailexchange.com,188
avvo.com,1625
bornrich.com,251
abbreviations.com,1540
fedex.com,516
ufl.edu,1220
irs.gov,1720
skin.emedtv.com,52
men.emedtv.com,34
answers.microsoft.com,5109
facebook.com,10303
coinmill.com,200
sheknows.com,3219
helpx.adobe.com,522
hp.com,564
tomsguide.com,862
blog.credit.com,252
weddings.costhelper.com,56
email.about.com,149
names.org,1280
central-air-conditioner-and-refrigeration.com,21
hypertension.emedtv.com,53
goodhousekeeping.com,500
npino.com,166
federalpay.org,74
medlineplus.gov,2555
ageless.co.za,28
cnn.com,6304
sears.com,562
minecraft.wikia.com,190
blog.bufferapp.com,55
espn.com,1697
cde.ca.gov,182
cheesemaking.com,36
faculty-salaries.startclass.com,68
catholic.org,163
justanswer.com,2599
ny.gov,2211
islam.onepakistan.com.pk,56
brighthub.com,1233
youtube.com,26127
baseball-almanac.com,287
thefix.com,71
com.au,11769
fishingnotes.com,51
craftsy.com,271
uptodate.com,949
touropia.com,94
polio.emedtv.com,14
tpwd.texas.gov,284
ducksters.com,813
gov.au,3763
spanishdict.com,720
promatcher.com,81
diabetes.emedtv.com,100
callofduty.wikia.com,106
stockopedia.com,36
military.com,1022
cbp.gov,215
theknot.com,593
prezi.com,2789
careersinpublichealth.net,22
outback-australia-travel-secrets.com,25
medscape.com,6107
recipes.sparkpeople.com,1017
beach-weather.com,71
smartasset.com,216
orkin.com,294
goodrx.com,953
areacodehelp.com,371
back-pain.emedtv.com,18
subnautica.wikia.com,22
vividseats.com,146
education.costhelper.com,75
whatisthemeaningofname.com,202
billboard.com,582
theguardian.com,4766
h1base.com,23
plantsvszombies.wikia.com,17
plasmadonating.net,12
convertunits.com,1048
efile.com,255
babysleepsite.com,81
ahima.org,246
npidb.org,300
mil,3916
sciencedirect.com,3828
acne.emedtv.com,14
budgeting.thenest.com,1310
obamacarefacts.com,60
kayak.com,171
ftc.gov,284
deckstainhelp.com,19
od.nih.gov,123
softwareok.com,83
nursinglicensure.org,46
jegs.com,58
allaboutvision.com,278
holiday-weather.com,1949
forums.mtbr.com,103
apartmentguide.com,121
vitamindcouncil.org,48
aetna.com,252
wheel-size.com,32
banksifsccode.com,30
solvusoft.com,666
cold.emedtv.com,41
inmateaid.com,476
dod.mil,166
norml.org,77
usdoj.gov,86
askubuntu.com,264
docs.python.org,96
blogspot.com,11483
pregnancy.emedtv.com,30
surf-forecast.com,156
routing-numbers.com,465
tva.com,15
nyc.gov,470
kratomonline.org,23
niddk.nih.gov,320
healthyliving.azcentral.com,909
lawin.org,212
newsroom.aaa.com,31
answeranimal.com,103
health.ny.gov,537
criminaldefenselawyer.com,354
flhsmv.gov,105
opiateaddictionsupport.com,22
bleacherreport.com,1632
valuepenguin.com,155
ehow.com,10176
macmillandictionary.com,2896
bankbazaar.com,96
ethnicelebs.com,247
bernardine.com,56
roadsidethoughts.com,229
doctor-salaries.com,65
benefits.va.gov,155
vasectomy.com,18
serebii.net,219
arthritis.emedtv.com,83
ahd.com,42
prisonhandbook.com,141
yourdictionary.com,8937
syncios.com,41
weegy.com,1728
thehungergames.wikia.com,54
multiple-sclerosis.emedtv.com,26
marriott.com,560
trustedchoice.com,122
ifixit.com,236
assistedlivingfacilities.org,58
pokemonpets.com,44
stanford.edu,1409
mathopenref.com,194
chegg.com,1539
bankabanumbers.com,170
oracle.com,1418
netstate.com,206
publicrecords.onlinesearches.com,364
penandthepad.com,167
activerain.com,89
nursesalaryguide.net,40
encyclopedia.com,1820
metlife.com,61
smartluck.com,25
flightstats.com,64
ninds.nih.gov,158
addictionblog.org,270
ccsu.edu,40
testmy.net,28
orbitz.com,364
lumberliquidators.com,40
thebalance.com,3816
ehealthscores.com,189
farecompare.com,344
digminecraft.com,123
minecraft.gamepedia.com,219
salestaxhandbook.com,242
xmms.org,363
answersingenesis.org,213
blog.bulletproof.com,29
mskcc.org,185
us-funerals.com,44
myweather2.com,440
sap.ittoolbox.com,127
menards.com,110
terraria.wikia.com,120
livingartsoriginals.com,28
militaryinstallations.dod.mil,92
cheaplasvegas.cc,28
idaho.gov,205
dictionary.com,18723
nursingworld.org,163
nobullying.com,85
tardis.wikia.com,64
franchisedirect.com,73
staples.com,289
healthinsurance.org,109
howtoexportimport.com,39
people.com,1689
costhelper.com,1206
colorincolorado.org,20
icd10data.com,556
teleflora.com,54
criminal-law.freeadvice.com,98
articles.mercola.com,919
accountingcoach.com,470
docbrown.info,74
windows.com,92
processchecker.com,142
foreclosure.com,26
weatherstreet.com,198
marketbeat.com,291
hgtv.com,890
amishamerica.com,26
thenamemeaning.com,1072
texas.gov,1207
helprx.info,24
inogen.com,18
icr.org,117
benjaminmoore.com,86
cio.com,161
inrtracker.com,34
creationwiki.org,116
metrolyrics.com,2870
wallethub.com,207
kids.emedtv.com,58
radiologyinfo.org,205
finra.org,98
beaglepro.com,14
mom.me,1100
us.norton.com,27
ehealthme.com,309
anxietycentre.com,97
va.gov,1302
vegrecipesofindia.com,79
dictionary.reverso.net,3638
techcrunch.com,418
familyhandyman.com,565
wiki.scn.sap.com,129
kabalarians.com,310
acquisition.gov,103
34-menopause-symptoms.com,125
pickyourown.org,150
concertfix.com,42
rottentomatoes.com,1161
certified-mail-envelopes.com,18
pubs.niaaa.nih.gov,104
apps.leg.wa.gov,203
stilltasty.com,433
epicurious.com,659
extension.nirsoft.net,71
dreammoods.com,99
electricitylocal.com,63
nursejournal.org,108
arcgis.com,139
techopedia.com,1103
azdictionary.com,629
fandango.com,473
animated-teeth.com,92
dir.ca.gov,210
verizonwireless.com,811
physioworks.com.au,84
poke-amph.com,18
colleges.startclass.com,214
foodnetwork.com,1350
wiki.servicenow.com,17
monster.com,925
aapc.com,276
tshaonline.org,651
investorguide.com,107
msue.anr.msu.edu,197
autismspeaks.org,79
genealogytoday.com,197
routingcheck.com,408
redfin.com,600
ths.gardenweb.com,1581
help.fitbit.com,40
disneyworld.disney.go.com,206
wordfind.com,157
meritbadge.org,25
qualsight.com,21
aarp.org,530
telegraph.co.uk,3507
vistaprint.com,21
money.usnews.com,1090
usmagazine.com,1138
calorieking.com,762
blog.prepscholar.com,173
normalbreathing.com,71
edis.ifas.ufl.edu,368
interment.net,86
distancesfrom.com,421
draxe.com,683
seattlechildrens.org,110
lifewire.com,1090
addictioncenter.com,68
barrons.com,107
atsdr.cdc.gov,205
mathworks.com,329
loctiteproducts.com,17
cheapflights.com,261
foodfacts.com,216
hgh1.com,18
copd.emedtv.com,20
caffeineinformer.com,169
govwarrantsearch.org,51
wordmagicsoft.com,32
exchangerates.org.uk,96
ilovegrowingmarijuana.com,76
gotquestions.org,703
howmuchisit.org,1359
twitter.com,2310
gosh.nhs.uk,29
beautyschoolsdirectory.com,55
contractors-license.org,22
studyblue.com,1204
whfoods.com,254
united.com,240
weather.gov,3118
countdowntopregnancy.com,74
techrepublic.com,1002
msa.maryland.gov,132
sonic.wikia.com,57
epilepsy.emedtv.com,62
medi-cal.ca.gov,58
mayoclinic.org,7215
lyricsmode.com,1444
docs.microsoft.com,509
suretybonds.com,39
froedtert.com,30
coursehero.com,3449
epa.gov,558
heartlandvetsupply.com,18
nih.gov,8927
us-passport-service-guide.com,137
tradingeconomics.com,275
howmuchisin.com,35
ancient.eu,450
affordablehousingonline.com,52
usaroutingnumbers.com,43
allaboutbirds.org,186
mybanktracker.com,149
statefarm.com,136
oxfordlearnersdictionaries.com,252
tendonitisexpert.com,51
vitals.com,478
scribd.com,1836
groupon.com,302
litcharts.com,144
zacks.com,1738
cram.com,408
turbotax.intuit.com,425
deeds.com,103
fool.com,1744
hotelplanner.com,346
glaucoma.org,70
bodylogicmd.com,82
jobstat.net,105
heritage.org,363
ustraveldocs.com,74
sixflags.com,75
front-porch-ideas-and-more.com,30
wisconline.com,43
aofas.org,117
whatclinic.com,59
treato.com,2585
medicarelist.com,34
healtreatcure.org,38
cancer.org,710
gemselect.com,84
ndsu.edu,211
ucf.edu,149
eatthis.com,317
lifescript.com,1407
mbaskool.com,87
flatulencemd.com,26
immunize.org,65
vipfaq.com,384
traditionaloven.com,413
www2.chemistry.msu.edu,69
urbandictionary.com,6103
ign.com,2855
shingles.emedtv.com,24
caranddriver.com,608
simplywall.st,63
theoptionsguide.com,20
wunderground.com,927
stats.stackexchange.com,143
123helpme.com,768
localconditions.com,764
yorkieinfocenter.com,30
the-webcam-network.com,17
mysmartprice.com,102
happyzebra.com,322
eng-tips.com,439
unix.stackexchange.com,119
elderscrolls.wikia.com,321
plato.stanford.edu,497
breastcancer.org,332
workplacefairness.org,48
indexmundi.com,166
migraine.com,127
hives.org,16
americantowns.com,375
kids-fun-science.com,56
senior-health.emedtv.com,28
info,8721
public.esquireempire.com,21
discussions.apple.com,1299
outlander.wikia.com,20
bacteria.emedtv.com,62
javarevisited.blogspot.com,67
navair.navy.mil,54
vacationtimesharerentals.com,16
rvparkreviews.com,121
pe.usps.com,72
fda.gov,794
cancer.gov,655
world-airport-codes.com,113
psychologytoday.com,1790
burpee.com,170
chealth.canoe.com,49
marinebio.org,56
zdnet.com,494
freeadvice.com,569
realtytrac.com,221
renewcanceltv.com,152
collegeboard.org,319
curetoothdecay.com,23
sevenreflections.com,803
growweedeasy.com,72
stackoverflow.com,876
cancer.emedtv.com,36
taxiautofare.com,47
help.suddenlink.com,14
creditkarma.com,376
credit.com,400
wa.gov,1590
gayot.com,23
ihg.com,249
techonthenet.com,161
minimum-wage.us,42
conceptdraw.com,35
schwab.com,124
archives.gov,567
capterra.com,122
worldwildlife.org,233
fragrantica.com,40
londontown.com,75
variety.com,960
petmd.com,1106
ear.emedtv.com,16
careerbuilder.com,263
citehr.com,43
calendarpedia.com,29
recruiter.com,425
mongabay.com,204
labormarketinfo.edd.ca.gov,41
resetservicelight.com,31
allrecipes.com,3692
blood.emedtv.com,22
grad-schools.usnews.rankingsandreviews.com,43
myrecipes.com,768
remodelormove.com,29
lotterypost.com,113
businessdictionary.com,3679
ct.gov,847
ucsd.edu,503
talk.collegeconfidential.com,522
conceiveeasy.com,112
babynamespedia.com,2567
usnews.com,3354
illinois.hometownlocator.com,120
beliefnet.com,151
codex.wordpress.org,50
heightline.com,28
eresearch.fidelity.com,40
freefixer.com,134
disney.go.com,454
customerservicecontactnumber.uk,25
age-of-consent.info,23
europa.eu,419
identify.whatbird.com,47
ccohs.ca,274
suitehop.com,15
bupa.co.uk,115
marketwatch.com,1477
dizziness-and-balance.com,81
propanedeal.com,19
dailyburn.com,127
eatingdisordersonline.com,15
domyownpestcontrol.com,113
wholesomebabyfood.momtastic.com,74
usatoday.com,4450
golf.com,183
replacementwindowsreviews.co,13
expatforum.com,28
sap.com,449
chemistry.about.com,917
marketsandmarkets.com,20
nextdaypets.com,78
escapehere.com,48
genealogy.about.com,152
healthcare6.com,251
std.emedtv.com,24
salarygenius.com,154
telecoz.com,73
support.xbox.com,251
professays.com,37
itunes.apple.com,1537
moneynation.com,69
organicfacts.net,393
pharmacychecker.com,166
uk.answers.yahoo.com,6644
unc.edu,629
sharecare.com,3965
thenest.com,2869
autoprotection.com,14
almanac.com,544
bls.gov,823
cordellcordell.com,40
siriusxm.com,125
advfn.com,124
graduatenursingedu.org,52
allpar.com,159
whats-your-sign.com,111
halo.wikia.com,69
oceana.org,32
cargurus.com,431
themedicalquestions.com,352
overstock.com,503
gamefaqs.com,900
scientificamerican.com,770
natural-fertility-info.com,66
uga.edu,486
flights.expedia.com,435
southwest.com,180
mmafighting.com,24
diabeticlivingonline.com,102
realitytea.com,88
thebody.com,425
supercoder.com,379
unlv.edu,86
thetruthaboutmortgage.com,77
buffalo.edu,104
ask-leo.com,112
wikitravel.org,1458
acfe.com,30
flexjobs.com,83
tenantsunion.org,52
weather.weatherbug.com,1216
weight-loss.emedtv.com,23
ccc.commnet.edu,139
knowledge.seagate.com,41
journals.sagepub.com,92
armystudyguide.com,207
nesn.com,69
drawinghowtodraw.com,57
startclass.com,737
firestonecompleteautocare.com,89
wordplays.com,246
airnav.com,159
savvytime.com,71
summitpost.org,134
nationalgeographic.com,1809
vitacost.com,100
collegefactual.com,486
laws.com,598
fx-exchange.com,139
cyberciti.biz,120
news.clearancejobs.com,48
cctvcamerapros.com,29
dateandtime.info,298
health.costhelper.com,305
tfwiki.net,65
community.spiceworks.com,275
franchiseclique.com,36
henrydanger.wikia.com,23
warpaths2peacepipes.com,32
numbeo.com,252
grammar-monster.com,207
cnsnews.com,145
diy.stackexchange.com,444
hotelguides.com,260
malwaretips.com,90
patioenclosures.com,17
carid.com,194
business-case-analysis.com,65
chemguide.co.uk,194
thecandidadiet.com,52
ods.od.nih.gov,89
geology.com,441
legacy.com,760
habitat.org,29
myislamicdream.com,46
benefits-of-honey.com,38
roadsnacks.net,45
truecar.com,218
cooks.com,1077
w3schools.com,390
hort.purdue.edu,122
alibaba.com,315
att.com,587
opm.gov,301
themoneyconverter.com,140
landsofamerica.com,155
ffiec.gov,78
skillednursingfacilities.org,48
leasetrader.com,21
usmle-forums.com,22
mhhe.com,142
findbusinessaddress.com,70
illinois.edu,1079
bbc.co.uk,5409
adage.com,157
wsp.wa.gov,19
xarelto-us.com,17
nerdwallet.com,528
uvu.edu,24
en.bab.la,147
healthcareworkersalary.com,49
laptopmag.com,191
worldsalaries.org,31
dfsmemorials.com,24
differencebetween.com,2410
northcarolina.hometownlocator.com,94
fidelity.com,358
cooking.stackexchange.com,763
computerperformance.co.uk,42
thewellnessdigest.com,64
supernatural.wikia.com,58
asthma.emedtv.com,44
remodelingexpense.com,146
consumeraffairs.com,614
guitarcenter.com,152
southcarolina.hometownlocator.com,42
uspto.gov,147
hometownlocator.com,2240
swz.salary.com,450
willyweather.com,106
constellation-guide.com,53
forecast.weather.gov,2214
dictionary.cambridge.org,5577
enigmasoftware.com,20
dragonage.wikia.com,77
pcrisk.com,38
pandora.com,62
whatis.techtarget.com,1519
jeepforum.com,152
legaldictionary.lawin.org,197
simple-nourished-living.com,37
ncdc.noaa.gov,100
etrade.com,18
edd.ca.gov,174
soapcentral.com,109
forums.gardenweb.com,670
techtarget.com,3820
kff.org,155
top101news.com,72
troublefreepool.com,43
oregon.gov,313
fmcsa.dot.gov,114
irmi.com,259
military-ranks.org,86
greenbuildingadvisor.com,171
worldweatheronline.com,917
gameofthrones.wikia.com,197
thestreet.com,778
summitracing.com,113
thehoroscope.co,42
msn.com,1192
usgbc.org,26
healthcaremagic.com,697
nsc.org,42
easy-immune-health.com,76
ecorporateoffices.com,231
springtrainingonline.com,32
merckmanuals.com,996
socratic.org,1387
steroid.com,99
nolo.com,2527
org.uk,6141
therabreath.com,60
statelaws.findlaw.com,248
marriedwiki.com,137
gov.uk,3095
bridging-the-gap.com,35
indiatimes.com,386
differencebetween.net,1763
whalefacts.org,82
quotes.wsj.com,452
uic.edu,106
cnatips.com,33
thegreenpapers.com,49
myaquariumclub.com,113
federalregister.gov,172
fallout.wikia.com,211
debt.org,112
dictionary.englishtourdutranslation.com,23
webmd.boots.com,1138
upmc.com,289
dictionary.sensagent.com,738
smartsheet.com,51
filesuffix.com,77
engineeringtoolbox.com,258
painscience.com,68
pcmag.com,1019
thespruce.com,3736
zillow.com,1254
thewritepractice.com,55
ptsd.va.gov,68
guru,104
usa.com,1906
currency.me.uk,88
gaebler.com,75
se80.co.uk,43
tax-brackets.org,29
whitehousehistory.org,50
peertrainer.com,124
file.net,188
eharmony.com,42
tsp.gov,43
csphonenumber.com,38
adobe.com,999
whatbird.com,93
independent.co.uk,1054
cointrackers.com,77
bhg.com,1276
mimi.hu,370
vacationidea.com,41
nysed.gov,238
nsidc.org,55
linkedin.com,2949
virginia.org,212
rarediseases.org,308
tourism.net.nz,35
ittoolbox.com,288
quranicnames.com,122
shrm.org,231
finance.yahoo.com,783
fileunemployment.org,90
tvtropes.org,799
bankshelp.com,36
grants.nih.gov,59
surveymonkey.com,48
liversupport.com,56
cutcabletoday.com,33
nootriment.com,119
collegesimply.com,341
studysoup.com,68
smogon.com,190
beenverified.com,40
healthyhempoil.com,29
osteoporosis.emedtv.com,21
nobelprize.org,223
ifas.ufl.edu,612
mercola.com,1194
cars.com,639
steadyhealth.com,1048
fairytail.wikia.com,37
forums.iboats.com,164
giantmicrobes.com,17
gedtestingservice.com,22
inmyarea.com,55
customerkarts.com,12
careersinpsychology.org,91
123notary.com,56
cpalms.org,93
cancer.net,307
runescape.wikia.com,370
traveltips.usatoday.com,1756
dau.mil,110
apple.stackexchange.com,317
hybridcars.com,96
ncbi.nlm.nih.gov,2681
bermuda-online.org,16
health.mil,36
sportsx.com,18
twilio.com,27
uscis.gov,315
icicibank.com,40
warframe.wikia.com,80
vampirediaries.wikia.com,73
greenfacts.org,139
techlife.samsung.com,26
wowwiki.wikia.com,310
tirerack.com,250
scbsfm.blogspot.com,30
weather-wherever.co.uk,34
github.com,547
fireemblem.wikia.com,33
me,2051
dict.hinkhoj.com,175
vocabulary-vocabulary.com,25
practicalmachinist.com,225
genecards.org,75
ishares.com,29
nationalnotary.org,57
advanceduninstaller.com,48
zazzle.com,78
freddy-fazbears-pizza.wikia.com,31
ireport.cnn.com,46
petpom.com,24
hotrod.com,165
chinahighlights.com,185
contactnumber.org,22
dec.ny.gov,283
sas.com,165
phys.org,248
fundraiserhelp.com,16
activebeat.co,282
mlp.wikia.com,42
thecarconnection.com,196
searchforancestors.com,198
asvabtests.com,20
concrete.promatcher.com,12
xe.com,252
encyclopediaofalabama.org,125
io,1114
humana.com,123
gardenweb.com,2700
mykoolsmiles.com,45
cra-arc.gc.ca,201
uspassporthelpguide.com,113
intuit.com,1135
vsp.com,64
macys.com,159
diabetes.co.uk,202
aaa.com,332
chacha.com,1262
plantmaps.com,84
cruisemapper.com,84
sunsigns.org,98
vcahospitals.com,284
nutritiondata.self.com,641
uline.com,33
parkinsons-disease.emedtv.com,17
weddingvendors.com,26
spine-health.com,529
security.stackexchange.com,112
wedding-spot.com,80
dmv.ny.gov,182
hy-vee.com,42
nature.com,1185
co.za,2383
dji.com,30
businessinsider.com,4025
coloncancersupport.colonclub.com,31
slangdefinition.com,19
starbucks.com,181
resources.arcgis.com,57
niaaa.nih.gov,160
uvm.edu,143
walkingdead.wikia.com,97
vdh.virginia.gov,64
fws.gov,270
disneyfoodblog.com,53
chemistryexplained.com,161
w3.org,198
hss.edu,196
adp.com,101
hebrewsurnames.com,67
afe.easia.columbia.edu,59
frostsnow.com,118
diabetesjournals.org,85
dogtime.com,222
publicschoolreview.com,43
shouldiremoveit.com,618
bbc.com,1923
windfinder.com,57
northwell.edu,31
reservations.com,28
diarrhea.emedtv.com,24
state.tx.us,763
anxiety.emedtv.com,71
thescienceofeating.com,67
mamapedia.com,467
naruto.wikia.com,102
thedermreview.com,153
skype.com,143
aflac.com,34
dandb.com,192
beltone.com,18
koa.com,47
delta.com,212
deloitte.com,92
eastbay.com,14
en.community.dell.com,313
cts.usc.edu,35
cholesterol.emedtv.com,81
gemsociety.org,60
caringmedical.com,19
slipstick.com,113
hashdoc.com,23
labourguide.co.za,36
nsf.gov,49
sacredscribesangelnumbers.blogspot.com,22
acronyms.thefreedictionary.com,3391
blink.ucsd.edu,82
usaa.com,144
tvseriesfinale.com,333
nami.org,105
lotr.wikia.com,79
help.solidworks.com,53
dragonball.wikia.com,66
themedicalbiochemistrypage.org,39
smartbeautyguide.com,31
mcgarryandmadsen.com,35
pcos.com,22
babyandbump.momtastic.com,391
ftw.usatoday.com,329
themortgagereports.com,82
periodictable.com,39
debian.org,35
undertale.wikia.com,42
codes.ohio.gov,120
aws.amazon.com,202
english.dictionarypk.com,21
bulbapedia.bulbagarden.net,147
newsroom.ucla.edu,38
deadiversion.usdoj.gov,73
forums.whirlpool.net.au,295
ccm.net,237
sars.gov.za,57
collegedata.com,351
motortrend.com,327
questdiagnostics.com,403
excelcommand.com,24
endocrine-system.emedtv.com,58
maps.latimes.com,63
pgdc.com,25
readingrockets.org,155
cerebralpalsy.org,30
customerservicenumbers.com,478
thegoldfishtank.com,28
howardforums.com,124
firedepartment.net,59
villanovau.com,69
alwaystestclean.com,28
jobs.virginia.gov,19
slideplayer.com,34
allmusic.com,1302
govthub.com,151
biblehub.com,820
answermefast.com,108
asianwiki.com,33
cowboyway.com,28
lovemyfire.com,27
sec.gov,240
chortle.ccsu.edu,16
usf.edu,413
st,72
acog.org,136
globalhealingcenter.com,287
travel.usnews.com,420
dmv.ca.gov,248
certification.comptia.org,19
download.cnet.com,803
ctb.ku.edu,146
biokids.umich.edu,189
salaryvoice.com,52
photo.stackexchange.com,68
cc,455
mediamass.net,527
ultratrust.com,29
inmatesearcher.com,50
mydietmealplanner.com,63
livescience.com,2395
familysearch.org,105
english.purdue.edu,343
processlibrary.com,111
exceljet.net,176
nonprofits.findthecompany.com,39
tvguide.com,1611
davesgarden.com,299
first-names-meanings.com,298
ancient-minerals.com,25
yellowtoenailscured.com,16
wareable.com,62
physicsclassroom.com,268
labtestsonline.org,930
clrsearch.com,199
forbes.com,3739
movers.com,59
raysahelian.com,179
hotels-rates.com,63
broadbandnow.com,33
superguide.com.au,35
listings.findthecompany.com,551
dummies.com,2397
comicvine.gamespot.com,150
dpreview.com,107
divergent.wikia.com,34
learnhowtobecome.org,89
thetreemaker.com,44
airline-baggage-fees.com,19
immihelp.com,195
psychologyschoolguide.net,35
lakelubbers.com,86
mcafee.com,115
weightlossresources.co.uk,164
islamweb.net,16
treeremoval.com,34
gregthatcher.com,58
disa.mil,66
breakthroughbasketball.com,31
drinksmixer.com,115
american-historama.org,77
support.hp.com,181
geico.com,86
owl.english.purdue.edu,343
chabad.org,177
solarcity.com,29
concretenetwork.com,224
water.usgs.gov,173
eldoradocountyweather.com,95
supernaturalwiki.com,46
blog.vonage.com,30
doximity.com,69
ritzcarlton.com,34
privco.com,138
state.nj.us,491
point2homes.com,67
intheswim.com,75
indiachildnames.com,278
support.skype.com,107
mtg.wikia.com,35
ucr.fbi.gov,18
wdwprepschool.com,39
cars.costhelper.com,85
law.cornell.edu,1268
academictips.org,26
photographylife.com,66
dot.gov,309
cboe.com,25
autoanything.com,238
drivinglaws.org,145
financial-advisors.credio.com,36
safelite.com,19
visit-salzburg.net,17
pesticideinfo.org,43
lenscrafters.com,21
finalfantasy.wikia.com,92
grasshopper.com,33
mousesavers.com,64
bigorrin.org,53
dominos.com,18
candycrush.wikia.com,19
explorecrete.com,16
lg.com,155
findlocalweather.com,766
teachersalaryinfo.com,160
supportforums.cisco.com,309
support.lexmark.com,26
dietspotlight.com,147
isgout.com,70
jhu.edu,236
kgbanswers.com,1015
sheep101.info,43
reverso.net,3686
made-in-china.com,48
astrostyle.com,45
qpublic.net,104
www2.deloitte.com,77
webmineral.com,30
asoftech.com,23
astm.org,108
ncpa.org,55
web-books.com,33
unmc.edu,28
army.mil,1612
kingarthurflour.com,157
cpap.com,35
fooducate.com,316
dhcs.ca.gov,84
ksu.edu,27
eyes.emedtv.com,30
thebrickblogger.com,15
cruisecritic.com,291
inflationdata.com,47
winefolly.com,151
fao.org,475
petfinder.com,129
wellsfargo.com,327
glossary.oilfield.slb.com,45
polleverywhere.com,84
ahrq.gov,193
contactphonenumberaddress.com,22
knowledge.autodesk.com,117
dictionary.babylon-software.com,262
grubhub.com,19
npic.orst.edu,66
oldnavy.com,36
hrdailyadvisor.blr.com,42
paramedictrainingspot.com,40
reviversoft.com,45
cleveland.com,647
aboutunemployment.org,26
nursinghomesite.com,29
truckingtruth.com,69
imaging-resource.com,40
web.csulb.edu,37
maplandia.com,1112
nursinglicensemap.com,23
schengenvisainfo.com,17
black-mold-guide.com,30
cityapplications.com,59
msnbc.com,247
byu.edu,164
mortgagenewsdaily.com,96
inyopools.com,83
aspca.org,67
world-of-lucid-dreaming.com,20
the-definition.com,105
criminalminds.wikia.com,58
essaymania.com,21
troweprice.com,55
govisithawaii.com,35
sale-tax.com,449
littlebinsforlittlehands.com,20
uab.edu,72
godaddy.com,93
biggestuscities.com,96
seniorhomes.com,124
modernghana.com,25
in,3326
wwwnc.cdc.gov,136
labcorp.com,81
instacart.com,43
stronglifts.com,44
forums.na.leagueoflegends.com,146
washington.hometownlocator.com,61
sciencebasedmedicine.org,140
instantcheckmate.com,76
pcaobus.org,40
lynda.com,135
chesapeakebay.net,45
cookeatshare.com,227
imf.org,49
ucsfhealth.org,276
gaming.stackexchange.com,514
babycentre.co.uk,279
satellitesolutions.com,60
isixsigma.com,147
myfitnesspal.com,1761
pewsocialtrends.org,40
unemploymenthandbook.com,47
coins.thefuntimesguide.com,29
is,615
motosport.com,30
malacards.org,23
digestive-system.emedtv.com,62
computer.howstuffworks.com,313
marvel.wikia.com,143
nordstrom.com,174
python.org,150
angularjs.org,25
cultofmac.com,47
activebeat.com,201
thelongestlistofthelongeststuffatthelongestdomainnameatlonglast.com,72
gerd.emedtv.com,61
forlocations.com,419
recoverlostpassword.com,53
usmarriagelaws.com,16
filmsite.org,116
usda.gov,835
nhs.uk,2866
webelements.com,327
autoweek.com,158
thefabricator.com,108
grassrootsmotorsports.com,31
bettycrocker.com,194
camaro5.com,15
agents.allstate.com,30
blog.roku.com,28
earthclinic.com,223
fastweather.com,274
backtaxeshelp.com,55
topnpi.com,152
ac.uk,2285
slate.com,1492
reptilesmagazine.com,150
animalstime.com,202
en.oxforddictionaries.com,2557
polygon.com,126
disability-benefits-help.org,146
fanpop.com,234
americanaddictioncenters.org,72
geekinterview.com,123
baycare.org,17
womansdivorce.com,55
freetaxweekend.com,21
wgu.edu,47
phonescoop.com,58
acronymsandslang.com,458
carinsurance.com,105
pennsylvania.hometownlocator.com,178
newjerseyweather.com,61
nhl.com,198
travelocity.com,198
nervous-system.emedtv.com,44
minerals.net,135
findlaw.com,1937
recipetips.com,470
mesothelioma.com,33
ipwatchdog.com,56
legendsandchronicles.com,21
allstate.com,252
cga.ct.gov,342
mymajors.com,179
stylecaster.com,178
beckersasc.com,60
mccormick.com,40
umass.edu,160
ehowmuchdoesitcost.org,32
alllaw.com,436
smurfs.wikia.com,13
taxassessors.net,124
umn.edu,996
themeparkinsider.com,82
freemaptools.com,45
yourpurebredpuppy.com,125
m.mlb.com,198
gamewardenedu.org,18
lucidchart.com,28
animal-world.com,121
walksofitaly.com,48
ifly.com,237
arthritis.org,313
generac.com,13
consumerist.com,342
tractorbynet.com,116
arstechnica.com,170
astrotheme.com,14
statutes.legis.state.tx.us,132
cakewalk.com,26
sba.gov,125
onegreenplanet.org,302
jokes4us.com,35
community.verizonwireless.com,552
lawschooli.com,19
computerhope.com,787
slideshare.net,1151
dfs.ny.gov,114
cbsnews.com,1191
uhaul.com,67
distancebetweencities.net,776
dslreports.com,350
exchange-rates.org,93
nonprofitfacts.com,117
azcentral.com,2131
expatistan.com,138
luckymojo.com,22
california.hometownlocator.com,166
countrymeters.info,105
scouting.org,56
hsh.com,68
wdfw.wa.gov,140
insurancehotline.com,57
ecmweb.com,206
shop.advanceautoparts.com,73
ucl.ac.uk,116
docs.angularjs.org,24
medicaid.gov,73
hl.co.uk,39
spokeo.com,185
lasvegas-how-to.com,32
therichest.com,1453
tvline.com,630
quickenloans.com,101
aeclectic.net,18
911tabs.com,59
bankencyclopedia.com,163
powerrangers.wikia.com,45
myelomabeacon.com,41
cplusplus.com,192
dogfood.guru,26
uber.com,116
iasplus.com,80
doxo.com,299
superpages.com,393
softuninstall.com,36
epilepsy.com,148
rsna.org,238
ws,401
family.findlaw.com,134
biz,1117
electronics-tutorials.ws,90
wiktionary.org,4485
metric-conversions.org,291
nimh.nih.gov,123
internationaldrugmart.com,68
likeforex.com,78
ask-the-electrician.com,40
repotme.com,15
circleofmoms.com,288
creditcards.com,347
nintendo.com,149
projectorcentral.com,27
homewyse.com,998
thesaurus.net,276
obesityhelp.com,87
rootsweb.ancestry.com,571
hud.gov,190
translation.babylon-software.com,158
instructables.com,1496
treasurydirect.gov,109
apta.org,78
thekitchn.com,1606
aon.com,25
ourbabynamer.com,2751
icarly.wikia.com,19
acefitness.org,96
acr.org,46
gao.gov,118
searchsecurity.techtarget.com,226
quotev.com,402
weather-forecast.com,532
japan-guide.com,151
allareacodes.com,121
rhubarb-central.com,15
houseofnames.com,938
apartments.com,510
online.sfsu.edu,35
tradeshowz.com,46
hopkinsmedicine.org,1220
access.redhat.com,48
memidex.com,105
searchcompliance.techtarget.com,42
rfidjournal.com,13
definitionmeaning.com,200
myanimelist.net,105
rollingstone.com,1017
rogerebert.com,298
medcentral.org,26
pets.costhelper.com,57
greatschools.org,307
zigwheels.com,40
niams.nih.gov,168
wellbuzz.com,31
netgear.com,170
sharkbite.com,17
genetics.thetech.org,122
poolpricer.com,29
comptia.org,25
braceability.com,36
freepages.genealogy.rootsweb.ancestry.com,173
town-court.com,356
unf.edu,83
forums.tdiclub.com,49
coolmuster.com,36
newmexico.hometownlocator.com,21
aama-ntl.org,19
cromalinsupport.com,17
historicalstockprice.com,32
universetoday.com,344
bmv.ohio.gov,38
minitab.com,65
mystore411.com,169
arizona.hometownlocator.com,31
animals.mom.me,1055
driving-distances.com,22
learn4good.com,47
yourchords.com,43
costofwedding.com,34
britishfood.about.com,24
tableau.com,48
alsa.org,39
mva.maryland.gov,89
politico.com,631
wikibooks.org,1450
twinboro.com,22
avclub.com,169
clientheartbeat.com,15
lpn.com,41
alternet.org,267
dshs.texas.gov,144
hystersisters.com,57
amosweb.com,96
universalclass.com,74
rxwiki.com,176
bluelight.org,179
bonnieplants.com,117
terro.com,17
general-hospital.wikia.com,41
carwale.com,59
epi.org,95
grainger.com,273
riordan.wikia.com,68
pokemon.wikia.com,494
hexxit.wikia.com,22
crossfit.com,37
alleydog.com,297
minnesota.hometownlocator.com,51
behr.com,72
neworleansonline.com,61
statista.com,689
thetimenow.com,279
livandmaddie.wikia.com,20
hhcpa.com,26
cigaraficionado.com,18
encyclopedia2.thefreedictionary.com,3375
countertopguides.com,36
trailers.com,21
support.sas.com,77
plex.tv,22
tax.iowa.gov,19
rightmove.co.uk,46
fabric.com,76
cps.gov.uk,36
medicare.gov,311
forum.wordreference.com,390
parents.com,851
apartmentlist.com,99
loc.gov,853
recovery.org,58
ohio.hometownlocator.com,114
howmanyarethere.us,92
thelawdictionary.org,1149
guidetoiceland.is,37
grabcad.com,53
unturned.wikia.com,28
pretty-little-liars.wikia.com,50
techsupportforum.com,61
wranglerforum.com,74
ttb.gov,18
skillsyouneed.com,96
louisiana.gov,252
forums.studentdoctor.net,307
oureverydaylife.com,832
cbssports.com,419
axs.com,112
veteransunited.com,76
dbu.edu,21
rotlaw.com,52
rotaryswing.com,14
avatar.wikia.com,38
drugabuse.com,103
edvisors.com,69
maryland.hometownlocator.com,52
qrg.northwestern.edu,67
babylon-software.com,517
ipaddress.com,105
check-distance.com,54
support.google.com,815
eggheadforum.com,65
climateandweather.com,81
oklahoma.hometownlocator.com,44
mathsisfun.com,881
howtobbqright.com,38
nfl.com,746
cbo.gov,81
sleep.emedtv.com,17
msktc.org,24
eclinpath.com,45
wellcare.com,35
thesciencedictionary.org,232
behindthevoiceactors.com,186
lungs.emedtv.com,14
ftb.ca.gov,154
za,3032
landlordology.com,51
acrobatusers.com,84
ancientmesopotamians.com,21
warriors.wikia.com,28
chowhound.com,1086
zipatlas.com,30
canada.com,74
anthem.com,131
pokemondb.net,348
engineering-dictionary.org,24
bigfuture.collegeboard.org,141
dogbreedplus.com,44
ticketcity.com,153
parathyroid.com,26
horseforum.com,122
xfinity.com,177
eu,1865
longisland.com,115
knowndays.com,38
nadaguides.com,274
moneyhop.socialsecurityhop.com,22
searchengineland.com,84
upi.com,76
hiltongardeninn3.hilton.com,47
ohio.gov,653
bloomberg.com,1525
ftd.com,49
familyguy.wikia.com,62
pronouncekiwi.com,28
qa.answers.com,445
patheos.com,221
babynameshub.com,70
opencv.org,15
patient.info,1308
deptofnumbers.com,115
osd.mil,130
hillspet.com,43
retailmenot.com,100
creditunionaccess.com,94
nasa.gov,1769
everydayhealth.com,2423
fema.gov,251
kb.netgear.com,68
cedars-sinai.edu,274
byoh.com,26
oshpd.ca.gov,94
easybib.com,84
mediate.com,39
zoover.co.uk,39
hollywoodlife.com,1000
the-alcoholism-guide.org,28
scholarships.com,69
biblemeanings.info,68
forum.xda-developers.com,42
qvc.com,116
health.howstuffworks.com,1551
youngwomenshealth.org,116
plumbingsupply.com,115
worldtaximeter.com,15
americanmeadows.com,42
chemspider.com,52
forums.digitalpoint.com,28
androidcentral.com,554
homeloanexperts.com.au,21
dmvflorida.org,45
recordgone.com,31
swtor.com,51
nct.org.uk,27
intelius.com,52
zelda.wikia.com,66
newsmax.com,676
brooklyn.cuny.edu,136
nj.us,634
complaintsboard.com,161
bobvila.com,270
myfwc.com,178
greenwichmeantime.com,448
home.costhelper.com,354
sclero.org,25
poetrysoup.com,65
pages.ebay.com,224
ebay.co.uk,270
riverpoolsandspas.com,24
cvs.com,338
michigan.gov,633
savings-bond-advisor.com,16
lincolnelectric.com,74
vrbo.com,103
mathcentral.uregina.ca,166
dev.mysql.com,80
shopstyle.com,121
ticotimes.net,15
lifeionizers.com,23
bsnedu.org,18
trackitt.com,37
raising-rabbits.com,33
ycharts.com,469
physicsforums.com,534
ibstales.com,26
convert-to.com,134
beeradvocate.com,194
aaos.org,339
diynetwork.com,622
collinsdictionary.com,5063
inquisitr.com,1271
news.bitcoin.com,21
governor.ny.gov,37
allshihtzu.com,14
gcn.com,13
anyplaceamerica.com,25
animalcrossing.wikia.com,41
openbible.info,45
rediff.com,170
forum.appliancepartspros.com,40
sciencedaily.com,1457
early-pregnancy-tests.com,20
tinnitustalk.com,51
bestplaces.net,1855
gofundme.com,61
moviepilot.com,136
jiskha.com,126
forums.androidcentral.com,366
canoe.com,56
managementhelp.org,72
kuroshitsuji.wikia.com,20
thehartford.com,55
dancemoms.wikia.com,27
labor.ny.gov,61
blog.hootsuite.com,27
photoshopessentials.com,52
en.hesperian.org,24
visual-arts-cork.com,151
nameberry.com,414
blog.upack.com,37
cdw.com,54
dermnetnz.org,267
outerbanks.com,23
tree-pictures.com,13
progesteronetherapy.com,44
jmu.edu,29
softwaretestinghelp.com,49
no,269
go2marine.com,19
heirloom-organics.com,66
theweathernetwork.com,1243
senior65.com,25
ancient-symbols.com,54
healthychildren.org,344
kentucky.hometownlocator.com,44
mtv.com,703
itjobswatch.co.uk,49
24timezones.com,553
consumerreports.org,1020
huffingtonpost.ca,438
onthesnow.com,148
proz.com,166
kidneyfailureweb.com,154
asx.com.au,31
hrc.org,26
fullhouse.wikia.com,20
tpc.com,17
egypt.mrdonn.org,16
1800petmeds.com,280
realestatelawyers.com,52
mysubscriptionaddiction.com,24
learn.sparkfun.com,67
clemson.edu,282
legis.state.tx.us,140
aae.org,29
terraria.gamepedia.com,64
energysage.com,33
livecareer.com,182
therapists.psychologytoday.com,72
cwu.edu,27
celebritysizes.com,66
health.com,858
gotohoroscope.com,112
hhmi.org,53
crushthecpaexam.com,25
anythingresearch.com,36
eur.fx-exchange.com,28
gem5.com,25
carecredit.com,27
opium.org,16
admissions.uga.edu,17
thetoptens.com,368
usc.edu,348
icd.codes,66
survivalistboards.com,35
washingtonpost.com,3296
americanelements.com,69
kb.iu.edu,359
lansingwbu.blogspot.com,25
jessie.wikia.com,24
closestairportto.com,371
taxguru.in,35
shsu.edu,74
digital-photography-school.com,96
lsu.edu,141
inspectionnews.net,34
wdwinfo.com,159
mortgage.nationwidelicensingsystem.org,18
phuket.com,15
getawaytips.azcentral.com,117
hollywood.com,105
collegetuitioncompare.com,154
vegas.com,132
urgentcarelocations.com,74
aafp.org,786
orthoinfo.aaos.org,322
garmin.com,164
valsparpaint.com,34
herbs2000.com,170
api.jquery.com,29
latimes.com,3024
seriouseats.com,1078
healthunlocked.com,302
crystalsandjewelry.com,89
momtastic.com,528
iinet.net.au,24
greenpeace.org,50
montana.hometownlocator.com,21
paindoctor.com,104
georgia.hometownlocator.com,59
partshotlines.com,28
docs.aws.amazon.com,81
teachengineering.org,52
netflixlife.com,40
nrf.com,15
ivn.us,25
herpes.emedtv.com,16
airbnb.com,120
calories-in-foods.com,103
glee.wikia.com,120
mozilla.org,242
local.fedex.com,170
andalucia.com,39
armstrong.com,78
tunein.com,21
taxlienuniversity.com,14
findacode.com,166
health.ucsd.edu,68
jcpenney.com,28
kenyon.edu,357
nps.gov,1367
nhc.noaa.gov,34
colorado.com,151
health.usnews.com,515
boards.cruisecritic.com,84
drivingtesttips.biz,35
nydailynews.com,2586
wanderu.com,43
animaldiversity.org,250
wordpress.com,6976
specialtyproduce.com,84
chicagotribune.com,1132
techradar.com,478
usclimatedata.com,1060
pscard.com,29
hydrangeashydrangeas.com,13
smallville.wikia.com,43
simple.wikipedia.org,2774
theoi.com,100
geritol.com,15
sprint.com,181
gardenersnet.com,131
bitcoinexchangeguide.com,14
factcheck.org,238
cmegroup.com,64
huffingtonpost.com,8752
prostate.emedtv.com,17
songfacts.com,1431
winwiki.org,42
learningpath.org,212
creditscoreresource.com,32
descendants.wikia.com,23
genealogytrails.com,192
wtop.com,33
101cookingfortwo.com,71
pages.ebay.co.uk,68
norton.com,103
medicare.com,63
linksys.com,154
pirates.wikia.com,26
additudemag.com,50
adrenalfatiguesolution.com,39
collegeapps.about.com,148
federaltimes.com,66
ancestry.com,2346
storyboardthat.com,24
nipr.com,20
travelfashiongirl.com,29
ark-survival-evolved.wikia.com,30
abebooks.com,73
bigbangtheory.wikia.com,51
hyundai-forums.com,39
classic-country-song-lyrics.com,134
pmi.org,63
muppet.wikia.com,89
herbwisdom.com,98
experian.com,243
windowsuninstaller.org,30
answers.google.com,162
maptechnica.com,276
jurassicpark.wikia.com,26
idioms.thefreedictionary.com,1054
gravityfalls.wikia.com,21
thesitewizard.com,49
inspirational-quotes-short-funny-stuff.com,19
syracuse.com,289
kennesaw.edu,52
thebrain.mcgill.ca,66
kodi.wiki,48
yellowbook.com,236
rog.asus.com,21
navy.mil,660
twc.state.tx.us,136
britannica.com,6449
biblewalks.com,14
pubchem.ncbi.nlm.nih.gov,241
priceline.com,334
thumbtack.com,207
gomapper.com,243
australia.com,113
newslocalnews.com,49
pewresearch.org,218
babynamescience.com,43
comenity.net,52
visualstudio.com,48
nationwidelicensingsystem.org,27
hotels.com,892
hotair.com,35
watchuseek.com,56
wnd.com,197
systemexplorer.net,115
paw-patrol.wikia.com,14
lionking.wikia.com,26
debate.org,436
paypal.com,146
yidio.com,48
ehealthforum.com,590
funtrivia.com,1278
hivinsite.ucsf.edu,39
distancecalculator.globefeed.com,171
avjobs.com,32
chemistry.stackexchange.com,214
npr.org,2352
seatguru.com,100
gov.in,196
fed.us,99
colorado.hometownlocator.com,36
silhouetteschoolblog.com,23
boe.ca.gov,131
iis.net,68
serve-now.com,18
dc.gov,267
worldtravelguide.net,124
skyscanner.com,93
vumicro.com,25
thedroidguy.com,44
thegeekstuff.com,40
cprogramming.com,42
buffy.wikia.com,18
conversion-metric.org,193
indicure.com,27
halfords.com,32
usbanklocations.com,427
mastercraft.com,15
community.fitbit.com,51
marriedbiography.com,145
petcarerx.com,245
digimon.wikia.com,21
wireshark.org,21
smosh.com,50
scotts.com,38
tk,16
mckesson.com,38
prospects.ac.uk,96
seattlepi.com,659
briggsandstratton.com,35
americanadoptions.com,28
citehealth.com,41
lse.co.uk,39
netapp.com,33
biography.com,1804
schoolsmedicalbilling.org,19
cnet.com,2375
trains.com,53
wsj.com,929
allheight.com,81
breitbart.com,326
foodchemadditives.com,38
ew.com,864
carnival.com,98
rehabs.com,104
acaloriecounter.com,161
lawyers.com,395
community.qlik.com,25
todayshomeowner.com,385
gardeningknowhow.com,1441
kohls.com,100
breakingbad.wikia.com,35
starkbros.com,78
importgenius.com,35
despicableme.wikia.com,19
godtube.com,52
salesforce.com,143
when-is.com,40
smogtips.com,17
stamps.com,100
forums.att.com,164
eonline.com,1390
247wallst.com,210
kidney-cares.org,133
borderlands.wikia.com,38
org.au,1443
help.pandora.com,30
yugioh.wikia.com,69
dhs.state.mn.us,70
suburbanstats.org,1108
miamiherald.com,196
pcrm.org,62
gpeters.com,45
lendingtree.com,144
tdbank.com,130
trex.com,14
headache.emedtv.com,21
androidauthority.com,189
tractors.wikia.com,39
cic.gc.ca,228
puc.texas.gov,23
cable.co.uk,38
indystar.com,144
discovernursing.com,57
online.odu.edu,12
who.int,771
onepiece.wikia.com,80
social.technet.microsoft.com,638
myheritage.com,104
employmentlawhandbook.com,47
fortune.com,980
hospitals.healthgrove.com,56
ipm.ucanr.edu,78
consumerfinance.gov,90
kindercare.com,22
shop.nordstrom.com,169
clinicaltrials.gov,380
obd-codes.com,36
support.epson.com,33
insomnia.emedtv.com,15
tacomaworld.com,83
video.disney.com,42
blog.hubspot.com,108
kaiserpermanente.org,131
expressmodular.com,17
appliancepartspros.com,102
developer.mozilla.org,165
jiffylube.com,34
utah.gov,385
nba.com,611
translation-services-usa.com,16
angieslist.com,1071
tax.ny.gov,229
atv.com,61
pcds.org.uk,17
hvac-talk.com,137
thecarseatlady.com,23
mo-media.com,16
newyorker.com,273
codeproject.com,466
wordstream.com,62
pubs.vmware.com,61
calorielab.com,323
sparknotes.com,1953
fitbit.com,316
community.breastcancer.org,50
tabs.ultimate-guitar.com,94
last.fm,768
teslarati.com,16
biblestudytools.com,756
mardigrasneworleans.com,20
us-immigration.com,74
ficoforums.myfico.com,290
wiki.fextralife.com,120
hu,425
machinerylubrication.com,72
avogel.co.uk,41
networx.com,188
ripoffreport.com,144
ie,1624
pcworld.com,1214
vkool.com,107
scrapbookpages.com,26
rexall.ca,32
bassresource.com,87
dealspotr.com,36
fitnessforweightloss.com,55
cancerresearchuk.org,574
fsu.edu,432
kellymom.com,83
darksouls.wikia.com,46
gis.oshpd.ca.gov,89
english.stackexchange.com,521
adele.wikia.com,17
basketballinsiders.com,31
investfourmore.com,24
govtrack.us,144
eatbydate.com,241
filext.com,108
catholicism.about.com,40
basedirectory.com,72
shakespeare-online.com,114
carrotmuseum.co.uk,19
sustainablebabysteps.com,59
fileinfo.com,130
bls.dor.wa.gov,21
bleach.wikia.com,25
paycor.com,18
en.softonic.com,341
aidsinfo.nih.gov,60
opentable.com,294
mastercard.us,23
nsf.org,22
golflink.com,109
imvu.com,24
fxexchangerate.com,89
nielsen.com,48
bankrouting.org,436
forums.lenovo.com,49
moviefone.com,442
earthsky.org,302
pch.com,22
rome2rio.com,160
fcc.gov,148
hse.gov.uk,146
seat61.com,30
visittci.com,16
ucomparehealthcare.com,142
nerf.wikia.com,15
geology.about.com,87
groovypost.com,165
distances-calculator.com,84
studentdoctor.net,324
arkhamcity.wikia.com,21
ets.org,114
kidneyabc.com,116
memory-alpha.wikia.com,163
brainreference.com,14
streema.com,77
payroll-taxes.com,39
hesc.ny.gov,24
cibc.com,46
planetminecraft.com,104
onetonline.org,30
nutritionfacts.org,96
wvu.edu,88
boston-discovery-guide.com,35
sixt.com,40
homeadvisor.com,516
extension.missouri.edu,174
wta.org,52
butterball.com,45
ku.edu,277
automotive.com,23
halopedia.org,35
lonestar.edu,40
strength-and-power-for-volleyball.com,26
mylife.com,216
walmart.com,544
epa.ohio.gov,28
disabilitysecrets.com,305
princetonreview.com,195
themeaningofthename.com,1520
meetup.com,25
cfp.net,16
congestive-heart-failure.emedtv.com,14
tangeroutlet.com,23
cancertutor.com,50
go.com,3940
reference.medscape.com,359
hawaii.com,72
macmillan.org.uk,127
remove-stain.com,37
namespedia.com,29
regenexx.com,35
mostluxuriouslist.com,18
cia.gov,257
students.asu.edu,32
us.axa.com,22
dogchatforum.com,24
climatemps.com,639
icdlist.com,124
icalculator.info,27
emilms.fema.gov,36
carsforsale.com,24
hcpro.com,150
blog.minitab.com,52
rickandmorty.wikia.com,16
lego.wikia.com,93
nche.edu,26
onlineconversion.vbulletin.net,94
novelguide.com,51
cosmeticsurgery.com,25
corporateofficeheadquarters.com,248
apps.tdi.state.tx.us,39
stockcharts.com,42
mscdirect.com,32
citizensadvice.org.uk,131
kdramastars.com,24
public-schools.startclass.com,34
dailypuppy.com,479
allgaragefloors.com,22
lovebirdsblog.com,23
colleges.usnews.rankingsandreviews.com,216
legaldictionary.net,194
worldtimeserver.com,517
teachingdegree.org,57
ucas.com,20
turbotax.intuit.ca,70
boat-ed.com,67
opium.com,15
nairaland.com,214
empower-yourself-with-color-psychology.com,37
erpgreat.com,34
newhomesource.com,73
2-spyware.com,54
cgsmedicare.com,86
howtogrowmarijuana.com,29
telerik.com,33
globalspec.com,247
airportparkingreservations.com,41
tumblr.com,499
arrow.wikia.com,68
newchoicehealth.com,48
uszip.com,285
subaru.com,47
d.comenity.net,32
easyjet.com,51
bestbuy.com,466
bigcommerce.com,25
gaf.com,47
slu.edu,68
questia.com,42
revenue.state.mn.us,70
woorank.com,15
tides4fishing.com,53
thrillist.com,472
faculty.mdc.edu,34
thelabradorsite.com,46
infowars.com,67
pkdclinic.org,49
empowher.com,248
education4drivers.com,23
accc.gov.au,23
rnib.org.uk,34
whitepages.com,477
upgradedpoints.com,25
smithsonianmag.com,619
onlinehelp.tableau.com,19
neuber.com,44
occ.gov,49
thefranchisemall.com,105
glassdoor.ca,285
marksdailyapple.com,99
defensetravel.dod.mil,70
vanguard.com,119
whats-on-netflix.com,36
umuc.edu,60
digitalhistory.uh.edu,131
astrobix.com,156
iowa.hometownlocator.com,34
ford.com,188
yourbusiness.azcentral.com,771
ausbt.com.au,35
batman.wikia.com,103
topix.com,1164
mondotimes.com,16
csun.edu,204
amctheatres.com,123
dividendchannel.com,23
cortera.com,39
techwelkin.com,19
strawberryplants.org,21
artofmanliness.com,258
rapidhomeremedies.com,64
tipranks.com,32
ark.gamepedia.com,43
jagranjosh.com,31
pantheon.org,55
youtube.wikia.com,130
pcsupport.about.com,182
savingforcollege.com,33
worldpopulationreview.com,373
breastfeeding-problems.com,34
twilightsaga.wikia.com,33
mentalfloss.com,1320
windowsnetworking.com,66
experts-exchange.com,403
themeaningofname.com,84
isaca.org,36
messageboards.makemeheal.com,38
new.abb.com,28
blauparts.com,25
innovateus.net,369
knowyourmeme.com,353
bleepingcomputer.com,143
anthro.palomar.edu,120
weatherzone.com.au,72
airlinequality.com,46
arkansas.com,68
hpe.com,39
nme.com,47
cabletv.com,48
autozone.com,139
corestandards.org,46
in.gov,582
awoiaf.westeros.org,140
drbaileyskincare.com,24
wto.org,48
myjobsearch.com,38
hinduwebsite.com,37
tax-id-number.info,21
elementaryschools.org,59
khwiki.com,17
allboxerinfo.com,17
familydoctor.org,474
forums.welltrainedmind.com,70
bonesmart.org,69
academic.brooklyn.cuny.edu,65
shutterfly.com,52
blog.pch.com,13
greencarreports.com,131
mom.gov.sg,37
e-cigarette-forum.com,39
lmr.com,26
kci.org,15
reserveamerica.com,118
avis.com,75
umm.edu,136
contactcustomerservice.co.uk,25
westvirginia.hometownlocator.com,33
corelogic.com,23
yesterdaystractors.com,170
dc.wikia.com,173
diablowiki.net,30
contentmarketinginstitute.com,25
corrosionpedia.com,210
iup.edu,32
thetruthaboutguns.com,80
extendedstayamerica.com,21
pennfoster.edu,51
pantone.com,30
literary-devices.com,67
coldwellbanker.com,139
mckinsey.com,49
wallstreetoasis.com,52
justrichest.com,17
inova.org,23
wow.gamepedia.com,102
asknumbers.com,315
cocktails.about.com,58
fbschedules.com,74
census.gov,648
pando.com,20
ucmp.berkeley.edu,213
practicepermittest.com,14
dss.mil,28
powerbi.microsoft.com,22
teamster.org,21
cpr.heart.org,21
tdcj.state.tx.us,21
newsday.com,248
abc.go.com,204
en.wikiquote.org,564
walgreens.com,229
autonews.com,112
pronouncenames.com,153
math.tutorvista.com,145
en.mediamass.net,527
myfolia.com,78
tulane.edu,165
oregonstate.edu,603
jobhero.com,71
diabetesdaily.com,119
time.com,3223
environmentalchemistry.com,25
webex.com,21
towson.edu,67
veterinaryplace.com,34
excelfunctions.net,112
witcher.wikia.com,24
kidshealth.org,1101
cancercenter.com,347
akc.org,251
revenue-pa.custhelp.com,47
eightforums.com,64
nlrb.gov,23
wipo.int,36
cyberdegrees.org,16
theblackfriday.com,22
eq2.wikia.com,17
beautylish.com,40
lifeinthefastlane.com,123
thefederalistpapers.org,17
thesaurus.com,3236
connection.ebscohost.com,86
salarybystate.org,149
neighborhoodscout.com,183
rarediseases.info.nih.gov,327
adventuretime.wikia.com,39
sialis.org,37
nomadicmatt.com,48
addforums.com,46
askthemeatman.com,52
ncis.wikia.com,42
harborfreight.com,67
plannedparenthood.org,133
udemy.com,401
ncjrs.gov,47
drupal.org,53
militarybases.com,76
tsn.ca,26
android.stackexchange.com,149
sephora.com,108
thomasnet.com,128
surnameweb.org,118
vat19.com,38
fasb.org,51
steven-universe.wikia.com,31
tigerdirect.com,23
maphill.com,66
cardekho.com,57
weddingwire.com,239
westgateresorts.com,16
esurance.com,129
snapdeal.com,24
dupont.com,63
bussongs.com,39
hydraulicspneumatics.com,49
food.com,2378
eatouteatwell.com,26
gosunoob.com,61
unh.edu,70
distancecalculator.net,34
lewrockwell.com,38
cbc.ca,671
uregina.ca,202
naturalnews.com,700
oum.ox.ac.uk,23
vitaminshoppe.com,49
classroom.synonym.com,1351
gearnuke.com,21
state.il.us,311
courts.ca.gov,331
bicycles.stackexchange.com,60
surnamedb.com,977
startribune.com,350
jaildata.com,103
credio.com,192
kylesconverter.com,94
snow-forecast.com,43
dodoodad.com,15
intellicast.com,804
americanmuscle.com,31
animalprints.co,23
mygolfspy.com,29
accountingedu.org,30
whnt.com,34
jetblue.com,79
ksl.com,77
population.us,297
mathwarehouse.com,152
diseases.emedtv.com,41
asme.org,72
pdb101.rcsb.org,21
coinstudy.com,44
tradeindia.com,22
fengshui.about.com,27
eresources.nlb.gov.sg,17
warehouseskateboards.com,17
docker.com,28
dol.wa.gov,170
chewy.com,56
crocs.com,15
itmonline.org,58
snopes.com,891
tdi.state.tx.us,43
startupbizhub.com,54
corporateshopping.com,21
nikonusa.com,26
bidmc.org,24
cancercompass.com,110
counseling.org,36
bronovil.com,28
aboutkidshealth.ca,277
aboutworldlanguages.com,92
bikeforums.net,77
babynames.com,516
myfico.com,367
med.stanford.edu,37
measles.emedtv.com,15
hetalia.wikia.com,15
thefreethoughtproject.com,29
jewishvirtuallibrary.org,301
flalottery.com,41
louisiana.hometownlocator.com,41
bbcgoodfood.com,163
anagrammer.com,55
helpguide.org,101
imtranslator.net,82
imgflip.com,15
criminaljusticeprograms.com,20
omniglot.com,233
en.it-processmaps.com,26
khanacademy.org,925
diseaseinfosearch.org,19
areavibes.com,2358
nj.com,678
teaching-certification.com,44
when-will.net,38
enotes.com,1022
crest.com,47
everynurse.org,26
txdot.gov,83
doesitreallywork.org,100
greyhound.com,70
mollysfund.org,28
tonights.tv,40
mssqltips.com,137
peoplesoft.ittoolbox.com,21
buzzfile.com,358
www2.ed.gov,232
wonderhowto.com,331
andrewminalto.com,13
fbi.gov,240
agency.governmentjobs.com,136
thenational.ae,50
cownetworth.com,98
mspaintadventures.wikia.com,23
skyandtelescope.com,78
t-shirtforums.com,65
homewoodsuites3.hilton.com,21
graphicdesign.stackexchange.com,60
myob.com,24
ndtv.com,639
shopkins.wikia.com,19
mn.us,1027
acsm.org,27
sportingnews.com,253
amazingribs.com,110
bwc.ohio.gov,19
forums.watchuseek.com,56
samsung.com,442
checkpregnancy.com,52
contextures.com,90
miraclemethod.com,20
omim.org,83
thewirecutter.com,84
time4writing.com,39
golf.about.com,88
symbols.com,139
everything-lavender.com,24
ibm.com,442
tennessee.hometownlocator.com,59
portal.hud.gov,127
state.pa.us,161
dccomics.com,40
scipy.org,18
johnsonville.com,38
fortress.wa.gov,63
olive-drab.com,43
apstudent.collegeboard.org,40
deadline.com,806
map-game.com,40
ec.europa.eu,171
macroevolution.net,88
howstuffworks.com,6157
alz.org,168
aao.org,329
lethow.com,47
yourmechanic.com,589
pcc.edu,54
isitdownrightnow.com,38
cdph.ca.gov,46
ptotoday.com,26
alexa.com,26
noaa.gov,1378
about.usps.com,208
kalyan-city.blogspot.com,42
tmz.com,1082
justjaredjr.com,177
kudzu.com,70
jmbullion.com,56
todaysdietitian.com,82
property24.com,32
dinkytown.net,43
citizensinformation.ie,125
medbroadcast.com,114
care.com,213
mathworld.wolfram.com,392
boards.straightdope.com,636
xpil.medicines.org.uk,62
leaseguide.com,40
insure.com,183
hematologylibrary.org,37
michigan.org,184
www8.hp.com,127
me.uk,170
gamerfuzion.com,13
what-does-my-name-mean.org,105
neatorama.com,117
investing.com,61
mapsofindia.com,216
spain-holiday.com,37
mariowiki.com,41
economicshelp.org,189
uft.org,44
tide-forecast.com,18
neighborhoodlink.com,179
muckrack.com,27
apologeticspress.org,39
orange-is-the-new-black.wikia.com,25
boundless.com,865
rei.com,162
erectile-dysfunction.emedtv.com,24
longandfoster.com,52
leg.wa.gov,279
calpers.ca.gov,14
mr-ginseng.com,17
bigbudsmag.com,28
supersmashbros.wikia.com,18
advancedtissue.com,51
oocities.org,135
ncsl.org,291
aicpa.org,98
aljazeera.com,272
canva.com,30
gallup.com,191
contactcustomerservicenow.com,259
poolcenter.com,94
gameandfishmag.com,80
herniated-disc-pain.org,35
cinemablend.com,587
homeofheroes.com,35
cat-world.com.au,75
roblox.wikia.com,67
uconn.edu,151
doyouyoga.com,30
sdcounty.ca.gov,18
devry.edu,37
net.bible.org,36
upack.com,51
unicef.org,65
networthcelebrities.com,47
social.msdn.microsoft.com,411
buzzaboutbees.net,28
finishing.com,103
proformative.com,54
spiritanimal.info,23
apa.org,489
nationalcareersservice.direct.gov.uk,252
billpaymentonline.net,22
patch.com,529
audubon.org,109
free-power-point-templates.com,73
ccn.aacnjournals.org,45
missouri.hometownlocator.com,55
nigella.com,14
eupedia.com,40
babble.com,337
bembu.com,97
arduino.cc,74
zomato.com,217
adt.com,21
fedsmith.com,77
choicehotels.com,222
watertemperature.net,69
magazines.com,24
mprnews.org,62
kidney-support.org,67
colgate.com,367
alaska.org,90
healthyhearing.com,49
foxsports.com,547
payroll.intuit.com,26
bible.org,272
orthopedicdoctors.net,20
stripersonline.com,40
answersafrica.com,42
myturbodiesel.com,39
spartacus-educational.com,381
laerd.com,70
lexisnexis.com,85
amigobulls.com,34
chandoo.org,63
redcross.org,111
ncsasports.org,85
extension.umn.edu,339
fsis.usda.gov,64
microbewiki.kenyon.edu,289
char.txa.cornell.edu,20
federalretirement.net,26
drugabuse.gov,279
weather-and-climate.com,533
searchvmware.techtarget.com,37
mta.info,84
maryland.gov,437
petri.com,106
bea.gov,39
umaine.edu,51
videolan.org,21
kb.winzip.com,25
ideafinder.com,116
cpsc.gov,37
summitmedicalgroup.com,154
bodymeasurements.org,116
officedepot.com,214
livingin-canada.com,79
avery.com,22
milliondollarjourney.com,16
percentage-off-calculator.com,25
madehow.com,315
redweek.com,24
williams-sonoma.com,60
tubal-reversal.net,19
chrome.com,30
tsl.texas.gov,66
greeka.com,105
cyberlink.com,38
abrahamlincolnsclassroom.org,27
smartmobilephonesolutions.com,29
lake-link.com,97
drsircus.com,56
maangchi.com,21
trane.com,67
weather.com,2092
assassinscreed.wikia.com,33
sherwin-williams.com,80
magnifymoney.com,38
northwestregisteredagent.com,66
crohnsforum.com,84
docshop.com,156
dietdoctor.com,53
star-telegram.com,79
meatsandsausages.com,31
blackhairmedia.com,38
usacarry.com,42
marriage.laws.com,27
weathercity.com,52
houzz.com,605
doctor.webmd.com,258
nyu.edu,388
cmt.com,175
cancergrace.org,50
biology.stackexchange.com,198
getfit.jillianmichaels.com,265
samhsa.gov,95
ncqa.org,27
aliexpress.com,46
totalmateria.com,40
help.carnival.com,43
community.webroot.com,15
pewhispanic.org,34
washington.org,48
greysanatomy.wikia.com,52
marchofdimes.org,117
degrassi.wikia.com,19
franchisechatter.com,37
optimumtennis.net,17
realsimple.com,197
10w40.com,16
gis.stackexchange.com,49
9minecraft.net,31
wwf.panda.org,175
idownloadblog.com,167
asecurelife.com,31
skywalker.cochise.edu,38
talktofrank.com,25
checkyourmath.com,161
edhelper.com,49
uscourts.gov,445
treenames.net,25
bankbranchlocator.com,238
healthnet.com,16
purdue.edu,1087
smokingmeatforums.com,166
ti.com,58
grammarist.com,244
onceuponatime.wikia.com,54
fau.edu,69
politifact.com,356
rp-photonics.com,26
crystalgraphics.com,63
taxfoundation.org,105
linguanaut.com,29
cosmopolitan.com,478
br,166
worthly.com,30
state.mn.us,757
driveways.promatcher.com,11
getapp.com,72
quatr.us,124
openoffice.org,50
chicagotraveler.com,45
flyertalk.com,177
corporationwiki.com,89
howardluksmd.com,46
abcnews.go.com,3016
petsandparasites.org,39
onetreehill.wikia.com,27
natural-homeremedies.com,79
recipetineats.com,30
studentloanhero.com,55
cpcc.edu,38
performance.morningstar.com,77
ecpi.edu,36
teen-titans-go.wikia.com,19
support.norton.com,27
miamidade.gov,123
allivet.com,61
apmex.com,58
lifeextension.com,298
nationmaster.com,82
rent.com,216
searchstorage.techtarget.com,126
eyewiki.aao.org,100
support.brighthouse.com,44
my.clevelandclinic.org,163
kbb.com,308
fixr.com,347
superhumancoach.com,31
hometowndemolitioncontractors.com,19
unt.edu,123
care.diabetesjournals.org,49
statistics.laerd.com,49
uscitizenship.info,48
irsave.com,17
phonearena.com,148
dogforums.com,74
sciencelearn.org.nz,52
hackthemenu.com,46
ccbank.us,35
developer.android.com,146
dictionary.thelaw.com,67
hairfinder.com,92
windowspasswordsrecovery.com,46
americanbar.org,195
hipaa.com,24
icare-recovery.com,19
kneeguru.co.uk,40
dogsnaturallymagazine.com,81
citytowninfo.com,225
weightwatchers.com,202
cryptidz.wikia.com,23
usgs.gov,764
writersdigest.com,121
energy.gov,407
sportsmemorabilia.com,42
girlmeetsworld.wikia.com,16
addresscustomerservicecenternumber.com,455
av1611.com,211
goflorida.about.com,39
thefinertimes.com,43
searchnetworth.com,150
varsitytutors.com,62
airfrance.us,24
theiia.org,39
readwritethink.org,78
clorox.com,78
pchell.com,16
forums.webmd.com,575
queenbeetickets.com,20
heart.emedtv.com,29
fanniemae.com,59
stltoday.com,198
studyspanish.com,44
propertytax101.org,124
spreadsheets.about.com,96
hup.harvard.edu,21
tennis-warehouse.com,35
towncharts.com,84
loopnet.com,181
driversed.com,100
foodstamps.org,17
etfdb.com,45
lexic.us,116
careerwise.mnscu.edu,23
waterboards.ca.gov,19
californiabeaches.com,26
healthgrove.com,334
salaryexpert.com,60
sunrise-sunset.org,43
englishdictionary.education,217
disk-partition.com,23
cricut.com,43
virginia.gov,596
udel.edu,142
sandals.com,22
release-date.info,34
policearrests.com,65
corporate.publix.com,30
coca-colacompany.com,47
greentechmedia.com,51
ballparksofbaseball.com,32
lacounty.gov,138
medicalbillingandcoding.org,53
searchcio.techtarget.com,161
bariatricpal.com,23
askleo.com,148
eia.gov,175
hbr.org,323
utsa.edu,76
tandurust.com,397
phet.colorado.edu,33
doh.wa.gov,102
most-expensive.com,51
tdlr.texas.gov,42
unity3d.com,155
elderaffairs.state.fl.us,15
expertlaw.com,138
beso.com,60
homebrew.stackexchange.com,33
counterstrike.wikia.com,15
metoffice.gov.uk,172
cft.vanderbilt.edu,21
songkick.com,141
thecircuitdetective.com,15
wowhead.com,282
store.usps.com,51
kjmagnetics.com,21
hardwaredata.org,11
nailsmag.com,74
fiserv.com,27
urinarytractinfectioncauses.net,33
sybase.com,22
tractordata.com,25
healthcaresalaryworld.com,68
asktom.oracle.com,61
iu.edu,426
heavy.com,1291
webbook.nist.gov,40
yelp.com,3135
hardydiagnostics.com,24
surnames.meaning-of-names.com,368
dnr.wi.gov,224
literarydevices.com,128
spotrac.com,144
isogg.org,33
naturalconstipationrelief.org,28
allinahealth.org,106
tdi.texas.gov,100
recipeofhealth.com,204
dragonvale.wikia.com,20
liutilities.com,64
topregisterednurse.com,52
dhs.wisconsin.gov,152
nbcsports.com,245
open-public-records.com,304
fearof.net,30
caribeez.com,33
wisconsin.hometownlocator.com,35
citrix.com,62
van.physics.illinois.edu,170
movies.com,530
warriorforum.com,36
itl.nist.gov,78
understood.org,94
southpark.wikia.com,17
dmv.virginia.gov,52
rutgers.edu,507
awf.org,47
graphpad.com,22
straightdope.com,888
accc.uic.edu,16
files.medi-cal.ca.gov,46
when-release.com,51
outsidepride.com,63
com.ar,29
myfloridalicense.com,40
paycheck-chronicles.military.com,39
prisonpro.com,37
techexams.net,41
ajc.com,143
masterofmalt.com,22
secure.ssa.gov,59
nexusmods.com,75
monticello.org,70
medtronic.com,102
sleepinginairports.net,38
cad-notes.com,24
nwf.org,191
gov.za,222
ttlc.intuit.com,364
vmware.com,231
personalfinance.costhelper.com,86
whosdatedwho.com,874
nsw.gov.au,466
studiodentaire.com,15
rv-roadtrips.thefuntimesguide.com,16
hobbylinc.com,18
bible-history.com,139
genealogyinc.com,92
travel.state.gov,227
cookinglight.com,327
flagspot.net,56
heritagecremationprovider.com,25
villagehatshop.com,27
thehorse.com,163
weedemandreap.com,31
extremecow.com,113
health.gov,96
vb.net-informations.com,13
1800wheelchair.com,32
tappedout.net,26
infomine.com,65
cslb.ca.gov,49
commbank.com.au,51
nau.edu,123
asus.com,116
cipd.co.uk,31
parkseed.com,39
communitycollegereview.com,23
rwby.wikia.com,16
isu.edu,70
downtonabbey.wikia.com,23
gardenersworld.com,38
ema.europa.eu,47
uproxx.com,178
basenotes.net,45
ushmm.org,67
migrationpolicy.org,72
proposalkit.com,19
web.mta.info,49
ambergriscaye.com,29
apache.org,150
net-worths.com,134
buy.garmin.com,47
adoptapet.com,53
transitchicago.com,31
gamestop.com,173
allhebrewnames.com,31
us.etrade.com,15
ameriprise.com,41
cleantechnica.com,84
uncw.edu,64
humanresourceblog.com,49
fast-growing-trees.com,89
sims.wikia.com,59
dish.com,50
golfweek.com,78
discogs.com,178
usbr.gov,51
chop.edu,297
engineersedge.com,89
myarmybenefits.us.army.mil,78
drexel.edu,104
tutor2u.net,66
texas.hometownlocator.com,103
websitebuilderexpert.com,19
forums.tesla.com,49
edward-designer.com,16
idrivesafely.com,65
famoushookups.com,467
encyclo.co.uk,66
totaljobs.com,133
redhat.com,63
papercamp.com,31
whattoexpect.com,391
discountednewspapers.com,23
juniordentist.com,21
pnas.org,93
entertainment.howstuffworks.com,227
uaf.edu,88
namekun.com,28
mlb.com,684
formsofaddress.info,23
zipcode.org,760
foodfacts.mercola.com,111
color-meanings.com,25
census-online.com,39
veterinarymedicine.dvm360.com,47
thurrott.com,65
odu.edu,56
globalsecurity.org,171
mass.gov,735
community.dynamics.com,100
ssbwiki.com,26
dragoart.com,94
aids.emedtv.com,13
searchnetworking.techtarget.com,257
sbnation.com,416
ixl.com,62
health.harvard.edu,368
ibisworld.com,16
sleep-apnea-guide.com,33
dubaifaqs.com,29
backtothefuture.wikia.com,19
toofab.com,39
tutorial.math.lamar.edu,90
hortonworks.com,25
innerbody.com,391
meaning-of-names.com,2149
classic.net.bible.org,36
uiuc.edu,223
findticketsfast.com,61
geolsoc.org.uk,36
simpsons.wikia.com,57
help.ubuntu.com,90
cognac-expert.com,14
csudh.edu,62
community.dell.com,319
insectidentification.org,45
weichert.com,93
state.gov,813
pathologyoutlines.com,57
suntrust.com,52
rheumatoidarthritis.org,17
wreg.com,37
healthyplace.com,270
alabama.hometownlocator.com,51
wholecelebwiki.com,35
priceoftravel.com,43
pamf.org,130
botcrawl.com,44
searchsap.techtarget.com,47
donationtown.org,20
biology-questions-and-answers.com,80
impalaforums.com,16
english-for-students.com,124
examine.com,149
aa.com,114
androidpit.com,111
landlordguidance.com,20
babynamescountry.com,93
avsforum.com,68
vanderbilt.edu,232
link.springer.com,539
trails.com,117
partsgeek.com,35
footankle.com,24
gbp.fx-exchange.com,21
news-medical.net,296
us.army.mil,85
pharmacyrxworld.com,31
pokerstars.com,20
illuminations.nctm.org,31
chemistry.msu.edu,69
carm.org,247
mytechtipstricks.com,38
healthcatalyst.com,29
ubuntu.com,123
indianaffairs.gov,24
ewg.org,185
md.com,152
allparenting.com,329
newzealand.com,89
dartmouth-hitchcock.org,63
ncsu.edu,630
iphonephotographyschool.com,24
paralegaledu.org,48
ticketmaster.com,585
audacityteam.org,32
my.bluehost.com,18
infoworld.com,122
ontheradio.net,22
californias-missions.org,17
insurance.ca.gov,79
water.weather.gov,54
liveenergized.com,20
lifeprint.com,38
news.energysage.com,24
condor.depaul.edu,23
pcpitstop.com,88
usna.usda.gov,38
learningtogive.org,51
vocabulary.com,3688
dap.dau.mil,82
symantec.com,94
mn.gov,243
aota.org,65
facingacne.com,64
lds.org,125
petchidog.com,18
digitalspy.com,200
journals.plos.org,96
ted.com,105
barbados.org,25
jfs.ohio.gov,35
marijuanadoctors.com,51
halls.md,28
acronymfinder.com,1288
whfoods.org,56
anytestkits.com,20
operating-hours.com,23
support.steampowered.com,50
hoovers.com,314
behance.net,17
palomar.edu,209
potus.com,20
corporateofficehq.com,171
myfederalretirement.com,49
womenshistory.about.com,99
breast-cancer.emedtv.com,12
community.netapp.com,12
discordapp.com,23
eventticketscenter.com,33
tutorvista.com,692
pavingexpert.com,28
